Hora;Submercado;1/5/2026;2/5/2026;3/5/2026;4/5/2026;5/5/2026;6/5/2026;7/5/2026;8/5/2026;9/5/2026;10/5/2026;11/5/2026;12/5/2026;13/5/2026;14/5/2026;15/5/2026;16/5/2026;17/5/2026;18/5/2026;19/5/2026;20/5/2026;21/5/2026;22/5/2026;23/5/2026;24/5/2026;25/5/2026;26/5/2026;27/5/2026;28/5/2026;29/5/2026;30/5/2026;31/5/2026
0;SUDESTE;290,66;379,67;373,24;368;376,93;378,79;375,08;376,29;263,51;252,09;258,94;254,07;255,5;254,7;262,68;203,17;148,46;177,26;201,96;195,9;192,54;196,48;171,3;227,26;189,94;299,75;300,83;298,02;297,37;219,2;222,6
0;SUL;290,67;379,68;373,25;368,01;376,94;378,8;375,09;376,3;263,52;252,1;258,95;254,08;255,51;254,71;262,69;203,18;148,47;177,27;201,97;195,91;192,55;196,49;171,31;227,27;189,95;299,76;300,84;298,03;297,38;219,2;222,61
0;NORDESTE;57,31;66,4;69,8;64,11;57,31;57,31;65,34;238,82;263,5;252,08;258,94;254,06;240,74;254,69;262,68;203,17;148,45;177,26;201,95;195,89;192,53;196,47;128,84;227,26;189,93;299,74;300,82;298,01;297,36;219,2;222,59
0;NORTE;57,31;66,41;69,8;64,12;57,31;57,31;65,35;238,82;263,5;252,08;258,93;254,06;240,74;254,69;262,67;203,16;148,45;177,25;201,95;195,9;192,53;196,48;128,84;227,26;189,94;299,75;300,83;298,02;297,37;219,2;222,6
1;SUDESTE;285,01;368,4;300,24;354,99;369,11;373,94;372,95;370,05;258,24;196,65;240,45;175,48;202,06;223,78;260,55;188,39;135,55;172,23;196,03;188,51;185,98;186,79;103,51;219,75;187,56;297,82;298,47;297,04;296,48;219,2;221,28
1;SUL;285,02;368,41;300,25;355;369,11;373,95;372,96;370,06;258,24;196,66;240,46;175,49;202,07;223,79;260,56;188,4;135,56;172,23;196,04;188,52;185,99;186,8;103,52;219,76;187,56;297,83;298,48;297,05;296,49;219,2;221,29
1;NORDESTE;57,31;57,31;60,04;57,31;57,31;57,31;57,31;238,76;257,42;196,65;240,45;175,47;202,05;223,77;260,55;188,38;135,54;172,22;196,03;188,5;185,97;186,78;103,5;219,74;187,55;297,81;298,46;297,03;296,47;219,2;221,27
1;NORTE;57,31;57,31;60,05;57,31;57,31;57,31;57,31;238,76;257,42;196,64;240,44;175,47;202,05;223,77;260,55;188,38;135,54;172,22;196,02;188,51;185,98;186,79;103,5;219,75;187,56;297,82;298,47;297,04;296,48;219,2;221,28
2;SUDESTE;282,58;337,15;57,31;265,54;359,41;373;370,5;364,27;246,67;186,07;181,73;160,89;158,13;158,96;260,13;175,12;127,29;165,69;192,79;183,7;182,6;181;62,71;219,26;187,54;294,47;296,24;296,25;295,83;219,2;220,99
2;SUL;282,59;337,16;57,31;265,54;359,42;373,01;370,51;364,28;246,68;186,08;181,74;160,9;158,14;158,97;260,14;175,13;127,3;165,7;192,8;183,71;182,61;181,01;62,72;219,27;187,55;294,48;296,25;296,26;295,84;219,2;221
2;NORDESTE;57,31;57,31;57,31;57,31;57,31;57,31;57,31;238,7;246,66;186,06;181,72;160,89;158,12;158,95;260,12;175,11;127,28;165,69;192,79;183,7;182,59;180,99;62,7;219,25;187,54;294,46;296,24;296,24;295,82;219,2;220,98
2;NORTE;57,31;57,31;57,31;57,31;57,31;57,31;57,31;238,7;246,66;186,07;181,72;160,89;158,13;158,95;260,13;175,11;127,28;165,69;192,79;183,7;182,6;181;62,71;219,26;187,54;294,47;296,24;296,25;295,83;219,2;220,99
3;SUDESTE;281,88;205,62;57,31;136,81;337,27;371,72;367,12;359,35;253,27;193,92;181,73;180,93;187,19;189,57;260,02;174,93;129,59;170,29;191,15;184,88;182,6;188,34;97,68;219,23;187,61;296,14;296,66;296,64;293,02;219,2;221,48
3;SUL;281,89;205,63;57,31;136,82;337,28;371,72;367,13;359,36;253,28;193,93;181,74;180,94;187,19;189,58;260,03;174,94;129,6;170,3;191,16;184,89;182,61;188,35;97,69;219,24;187,62;296,15;296,67;296,65;293,03;219,2;221,49
3;NORDESTE;57,31;57,31;57,31;57,31;57,31;57,31;73,42;238,64;253,26;193,92;181,72;180,93;187,18;189,56;260,02;174,93;129,58;170,28;191,15;184,88;182,59;188,33;97,67;219,22;187,61;296,13;296,66;296,64;293,01;219,2;221,47
3;NORTE;57,31;57,31;57,31;57,31;57,31;57,31;73,43;238,64;253,26;193,92;181,72;180,93;187,18;189,57;260,02;174,92;129,58;170,29;191,15;184,88;182,6;188,33;97,68;219,23;187,61;296,14;296,66;296,64;293,02;219,2;221,48
4;SUDESTE;281,06;207,51;57,31;332,49;359,41;372,45;367,95;363,36;255,88;219,17;244,13;214,87;194,97;211,87;260,73;174,95;127,49;172,15;194,72;189,88;186,14;190,2;106,01;220,1;187,79;298,4;297,29;296,93;295,28;219,2;221,66
4;SUL;281,07;207,52;57,31;332,5;359,42;372,45;367,96;363,37;255,89;219,17;244,14;214,88;194,97;211,88;260,74;174,96;127,5;172,16;194,73;189,89;186,14;190,21;106,02;220,11;187,8;298,41;297,3;296,94;295,29;219,2;221,67
4;NORDESTE;57,31;57,31;57,31;57,31;57,31;57,31;57,31;238,44;255,87;219,16;244,13;214,86;194,96;211,86;260,72;174,95;127,48;172,15;194,72;189,87;186,13;190,2;106;220,1;187,78;298,39;297,29;296,92;295,27;219,2;221,66
4;NORTE;57,31;57,31;57,31;57,31;57,31;57,31;57,31;238,44;255,87;219,17;244,12;214,87;194,96;211,87;260,73;174,94;127,49;172,14;194,71;189,88;186,14;190,2;106,01;220,1;187,79;298,4;297,29;296,93;295,28;219,2;221,67
5;SUDESTE;279,52;286,1;57,31;372,18;372,88;377,55;374,83;370,06;259,55;224,75;263,09;260,99;256,2;254,63;263,03;165,85;125,71;185,82;200,01;195,86;194,71;195,35;114,18;219,04;201,76;301,54;300,62;299,09;297,51;219,2;221,59
5;SUL;279,53;286,11;57,31;372,19;372,89;377,56;374,84;370,07;259,56;224,76;263,1;261;256,21;254,64;263,04;165,86;125,71;185,83;200,02;195,87;194,72;195,35;114,19;219,05;201,77;301,55;300,63;299,1;297,52;219,2;221,6
5;NORDESTE;57,31;57,31;57,31;57,31;57,31;57,31;57,31;237,7;259,55;224,75;263,08;260,99;256,19;254,62;263,02;165,85;125,7;185,81;200;195,85;194,7;195,34;114,17;219,03;201,75;301,54;300,62;299,08;297,5;219,2;221,58
5;NORTE;57,31;57,31;57,31;57,31;57,31;57,31;57,31;237,69;259,55;224,75;263,08;260,99;256,2;254,63;263,03;165,84;125,71;185,81;200;195,86;194,71;195,34;114,17;219,04;201,75;301,54;300,62;299,09;297,51;219,2;221,59
6;SUDESTE;277,96;356,56;57,31;386,27;381,22;385,44;379,97;376,67;255,95;96,33;265,54;263,68;261,59;259,63;264,39;60,81;62,6;203,93;202,2;196,17;199,1;199,72;111,6;210,48;300,65;304,05;303,25;301,51;300,26;219,2;218,26
6;SUL;277,96;356,57;57,31;386,28;381,23;385,45;379,98;376,68;255,95;96,34;265,55;263,69;261,6;259,64;264,4;60,82;62,61;203,94;202,21;196,18;199,11;199,73;111,61;210,49;300,66;304,06;303,26;301,52;300,27;219,2;218,27
6;NORDESTE;57,31;57,31;57,31;57,31;57,31;57,31;57,31;115,02;255,94;96,33;265,53;263,67;209,76;129,84;264,38;60,81;62,6;192,72;200,27;196,15;194,67;181,44;57,31;210,47;296,45;304,04;303,25;300,66;300,25;219,2;218,26
6;NORTE;57,31;57,31;57,31;57,31;57,31;57,31;57,31;115,02;255,94;96,33;265,54;263,68;261,59;259,63;264,39;60,8;62,6;192,72;200,27;196,17;198,61;199,72;111,6;210,48;298,61;304,05;303,25;301,51;300,26;219,2;218,27
7;SUDESTE;137,11;57,31;57,31;380,56;375,81;379,96;375,59;372,56;57,31;57,31;260,76;255,33;257,42;255,41;262,26;57,31;57,31;184,03;198,34;190,83;196,6;199,64;57,31;57,31;292,88;302,17;300,43;301;298,59;219,2;57,31
7;SUL;239,39;57,31;57,31;380,56;376,96;382,01;375,6;373,77;57,31;57,31;260,78;259,1;259,85;258,56;262,27;57,31;57,31;201,84;202,81;196,44;198,96;199,65;57,31;57,31;297,1;302,18;300,44;301,01;298,59;219,2;57,31
7;NORDESTE;57,31;57,31;57,31;57,31;57,31;57,31;57,31;57,31;57,31;57,31;260,75;57,31;57,31;57,31;128,6;57,31;57,31;172,41;195,8;188,85;182,12;157,98;57,31;57,31;195,96;299,12;299,95;295,06;296,91;219,2;57,31
7;NORTE;57,31;57,31;57,31;57,31;57,31;57,31;57,31;57,31;57,31;57,31;260,76;255,33;257,42;255,41;262,26;57,31;57,31;172,41;195,81;190,83;196,6;199,64;57,31;57,31;292,88;302,17;300,43;301;298,59;219,2;57,31
8;SUDESTE;57,31;57,31;57,31;173,49;193,22;329,48;182,97;368,65;57,31;57,31;114,02;57,31;57,31;57,31;203,07;57,31;57,31;184,84;182,53;157,31;174,2;195,85;57,31;57,31;137,26;300,33;276,53;297,69;289,94;219,2;57,31
8;SUL;57,31;57,31;57,31;381,25;376,28;380,61;375,81;379,54;206,75;57,31;262,88;262,44;261,96;261,17;262,91;57,31;57,31;208,3;204,27;202,09;204,39;200,26;163,59;57,31;302,13;302,04;301,23;299,78;298,62;219,2;57,31
8;NORDESTE;57,31;57,31;57,31;57,31;57,31;57,31;57,31;57,31;57,31;57,31;114,01;57,31;57,31;57,31;57,31;57,31;57,31;92,71;182,51;57,31;174,19;57,31;57,31;57,31;137,24;57,31;276,52;57,31;240,06;219,2;57,31
8;NORTE;57,31;57,31;57,31;57,31;57,31;57,31;57,31;57,31;57,31;57,31;114,02;57,31;57,31;57,31;185,23;57,31;57,31;92,72;182,52;111,22;174,2;167,64;57,31;57,31;137,25;212,34;276,53;210,48;275,67;219,2;57,31
9;SUDESTE;57,31;57,31;57,31;57,31;57,31;57,31;57,31;57,31;57,31;57,31;57,31;57,31;57,31;57,31;57,31;57,31;57,31;151,19;57,31;57,31;90,02;93,89;57,31;57,31;57,31;85,42;57,31;57,31;92,94;219,2;57,31
9;SUL;57,31;57,31;57,31;376,05;369,76;375,85;375,56;374,82;57,31;57,31;254,47;251,91;259,43;258,72;262,5;57,31;57,31;207,71;204,01;199,88;202,08;201,41;157,2;57,31;300,22;300,21;299,27;297,52;297,15;219,2;57,31
9;NORDESTE;57,31;57,31;57,31;57,31;57,31;57,31;57,31;57,31;57,31;57,31;57,31;57,31;57,31;57,31;57,31;57,31;57,31;151,17;57,31;57,31;90,01;57,31;57,31;57,31;57,31;57,31;57,31;57,31;57,31;219,2;57,31
9;NORTE;57,31;57,31;57,31;57,31;57,31;57,31;57,31;57,31;57,31;57,31;57,31;57,31;57,31;57,31;57,31;57,31;57,31;151,18;57,31;57,31;90,01;66,39;57,31;57,31;57,31;60,4;57,31;57,31;65,71;219,2;57,31
10;SUDESTE;57,31;57,31;57,31;57,31;57,31;57,31;57,31;57,31;57,31;57,31;57,31;57,31;57,31;57,31;57,31;57,31;57,31;151,19;61,77;57,31;125,01;57,31;57,31;57,31;57,31;57,31;57,31;57,31;57,31;219,2;57,31
10;SUL;57,31;57,31;57,31;369,56;362,38;371,34;367,94;371,02;57,31;57,31;57,31;57,31;254,72;252,38;261,03;57,31;57,31;205,39;198,25;194,24;201,13;200,47;159,99;57,31;294,76;299,74;298,72;293,55;295,73;219,2;57,31
10;NORDESTE;57,31;57,31;57,31;57,31;57,31;57,31;57,31;57,31;57,31;57,31;57,31;57,31;57,31;57,31;57,31;57,31;57,31;151,18;61,76;57,31;125;57,31;57,31;57,31;57,31;57,31;57,31;57,31;57,31;219,2;57,31
10;NORTE;57,31;57,31;57,31;57,31;57,31;57,31;57,31;57,31;57,31;57,31;57,31;57,31;57,31;57,31;57,31;57,31;57,31;151,18;61,77;57,31;125,01;57,31;57,31;57,31;57,31;57,31;57,31;57,31;57,31;219,2;57,31
11;SUDESTE;57,31;57,31;57,31;57,31;57,31;57,31;57,31;57,31;57,31;57,31;57,31;57,31;57,31;57,31;57,31;57,31;57,31;151,19;63,35;72,27;170,48;57,31;57,31;57,31;57,31;57,31;57,31;57,31;150,49;219,2;57,31
11;SUL;57,31;57,31;57,31;367,99;362,85;368,02;366,84;366,53;57,31;57,31;57,31;57,31;250,55;248,53;259,92;57,31;57,31;203,61;194,46;180,29;200,4;199,61;57,31;57,31;295,43;298,43;297,19;278,51;295,24;219,2;57,31
11;NORDESTE;57,31;57,31;57,31;57,31;57,31;57,31;57,31;57,31;57,31;57,31;57,31;57,31;57,31;57,31;57,31;57,31;57,31;151,18;63,34;72,26;170,47;57,31;57,31;57,31;57,31;57,31;57,31;57,31;150,48;219,2;57,31
11;NORTE;57,31;57,31;57,31;57,31;57,31;57,31;57,31;57,31;57,31;57,31;57,31;57,31;57,31;57,31;57,31;57,31;57,31;151,19;63,35;72,27;170,48;57,31;57,31;57,31;57,31;57,31;57,31;57,31;150,49;219,2;57,31
12;SUDESTE;57,31;57,31;57,31;57,31;57,31;57,31;57,31;57,31;57,31;57,31;57,31;57,31;57,31;57,31;65,05;57,31;57,31;138,42;57,31;57,31;152,1;57,31;57,31;57,31;57,31;57,31;57,31;57,31;213,16;219,2;57,31
12;SUL;57,31;57,31;57,31;244,22;57,31;243,96;202,43;361,07;57,31;57,31;57,31;57,31;57,31;57,31;251,01;57,31;57,31;193,44;57,31;57,31;152,11;175,53;57,31;57,31;57,31;89,69;57,31;57,31;243,95;219,2;57,31
12;NORDESTE;57,31;57,31;57,31;57,31;57,31;57,31;57,31;57,31;57,31;57,31;57,31;57,31;57,31;57,31;65,04;57,31;57,31;138,41;57,31;57,31;152,09;57,31;57,31;57,31;57,31;57,31;57,31;57,31;213,15;219,2;57,31
12;NORTE;57,31;57,31;57,31;57,31;57,31;57,31;57,31;57,31;57,31;57,31;57,31;57,31;57,31;57,31;65,05;57,31;57,31;138,42;57,31;57,31;152,1;57,31;57,31;57,31;57,31;57,31;57,31;57,31;213,16;219,2;57,31
13;SUDESTE;57,31;57,31;57,31;57,31;57,31;57,31;57,31;140,3;57,31;57,31;107,08;57,31;57,31;57,31;248,52;57,31;57,31;161,42;182,38;180,59;177,84;163,01;57,31;57,31;185,42;289,73;290,47;284,65;296,1;219,2;57,31
13;SUL;57,31;57,31;57,31;368;362,93;366,64;367,14;372,26;57,31;57,31;107,09;57,31;126,96;247,8;261,7;57,31;57,31;203,87;191,64;183,87;200,24;200,17;57,31;57,31;300,64;298,56;291,02;284,66;296,11;219,2;57,31
13;NORDESTE;57,31;57,31;57,31;57,31;57,31;57,31;57,31;57,31;57,31;57,31;107,07;57,31;57,31;57,31;248,51;57,31;57,31;161,41;182,37;180,58;177,83;163;57,31;57,31;185,41;289,72;290,46;284,65;296,09;219,2;57,31
13;NORTE;57,31;57,31;57,31;57,31;57,31;57,31;57,31;57,31;57,31;57,31;107,08;57,31;57,31;57,31;248,52;57,31;57,31;161,42;182,38;180,59;177,83;163,01;57,31;57,31;185,42;289,73;290,47;284,66;296,1;219,2;57,31
14;SUDESTE;57,31;57,31;57,31;374,49;359,55;348,1;181,9;369,26;57,31;57,31;254,09;83,11;242,27;240,94;263,37;57,31;57,31;181,16;191,23;188,41;182,04;176,76;57,31;57,31;254,18;299,94;299,49;297,73;297,61;219,2;57,31
14;SUL;57,31;57,31;57,31;383,09;376,96;378,85;373,23;377,68;57,31;57,31;259,25;129,81;262,26;260,08;263,38;57,31;57,31;205,97;204,31;201,72;203,37;202,41;57,31;57,31;302,44;300,71;299,67;298,07;298,67;219,2;57,31
14;NORDESTE;57,31;57,31;57,31;57,31;57,31;57,31;57,31;57,31;57,31;57,31;254,08;83,11;242,27;240,94;263,37;57,31;57,31;168,41;191,22;188,4;182,03;176,75;57,31;57,31;254,17;299,93;299,48;297,72;297,6;219,2;57,31
14;NORTE;57,31;57,31;57,31;57,31;57,31;57,31;57,31;57,31;57,31;57,31;254,09;83,11;242,27;240,94;263,37;57,31;57,31;168,41;191,22;188,41;182,03;176,76;57,31;57,31;254,18;299,94;299,49;297,73;297,6;219,2;57,31
15;SUDESTE;129,7;57,31;57,31;390,36;380,57;383,67;380,21;384,21;156,51;57,31;265,91;258,05;264,66;263,8;266,04;57,31;57,31;206,28;203,06;196,63;196,58;200,44;57,31;100,59;305,49;306,31;306,67;304,94;302,4;219,2;72,71
15;SUL;129,71;57,31;57,31;390,37;380,58;385,75;383,8;384,22;156,52;57,31;265,92;262,91;264,67;263,81;266,05;57,31;57,31;206,29;205,04;202,47;203,45;202,96;96,88;100,6;305,5;306,31;306,68;304,95;302,41;219,2;72,72
15;NORDESTE;57,31;57,31;57,31;72,77;57,31;68,48;74,35;110,69;156,5;57,31;265,91;258,05;264,65;263,8;266,03;57,31;57,31;190,81;196,99;196,61;196,57;200,43;57,31;100,58;305,48;306,3;306,66;304,94;302,4;219,2;72,71
15;NORTE;57,31;57,31;57,31;72,78;57,31;68,49;74,36;110,68;156,51;57,31;265,91;258,05;264,66;263,8;266,04;57,31;57,31;190,81;196,99;196,62;196,57;200,44;57,31;100,59;305,49;306,31;306,67;304,94;302,4;219,2;72,72
16;SUDESTE;282,73;326,67;183,81;408,45;394,88;398,21;398,81;390,57;268,56;126,83;274,76;272,86;272,73;270,87;271,11;158,34;97,37;218,47;209,57;207,11;208,91;209,11;209,05;288,03;317,85;314,49;314,52;312,85;308,18;219,2;224,31
16;SUL;282,74;326,68;183,82;408,45;394,89;398,22;398,82;390,58;268,56;126,84;274,77;272,87;272,73;270,88;271,12;158,34;97,37;218,48;209,58;207,12;208,92;209,12;209,06;288,03;317,86;314,49;314,53;312,85;308,18;219,2;224,32
16;NORDESTE;57,31;92,49;57,31;95,39;83,91;87,89;131,93;317,75;268,55;126,83;274,76;272,85;272,72;270,87;271,1;158,33;97,36;218,47;209,57;207,11;208,91;209,11;209,04;288,02;317,85;314,48;314,52;312,84;308,17;219,2;224,31
16;NORTE;57,31;92,48;57,31;95,38;83,91;87,88;131,93;317,74;268,56;126,83;274,75;272,86;272,72;270,87;271,1;158,33;97,36;218,46;209,57;207,1;208,9;209,11;209,04;288,03;317,85;314,49;314,52;312,85;308,18;219,2;224,31
17;SUDESTE;296,74;401,06;394,37;431,09;421,93;424,17;423,79;410,47;291,39;273,68;290,76;286,18;288,27;285,32;279,57;307,87;240,33;301,51;246,81;225;221,72;243,25;314,05;319,15;333,16;328,43;326,67;326,55;316,72;222,7;234,47
17;SUL;296,75;401,07;394,38;431,1;421,94;424,18;423,8;410,48;291,39;273,67;290,76;286,18;288,27;285,32;279,57;307,88;240,33;301,51;246,82;225,01;221,73;243,26;314,06;319,15;333,16;328,43;326,68;326,56;316,73;222,7;234,47
17;NORDESTE;64,2;273,01;125,92;129,1;119,62;124,11;231,43;410,46;291,39;273,68;290,76;286,17;288,27;285,32;279,56;307,87;240,32;301,5;246,81;225;221,72;243,25;314,05;319,15;333,15;328,43;326,67;326,55;316,72;222,7;234,47
17;NORTE;64,19;273;125,92;129,09;119,62;124,1;231,42;410,45;291,38;273,68;290,76;286,17;288,27;285,31;279,56;307,86;240,32;301,49;246,8;224,99;221,71;243,24;314,05;319,15;333,15;328,42;326,66;326,54;316,71;222,7;234,47
18;SUDESTE;324,05;432,66;423,35;437,42;433,28;427,99;441,57;420,3;308,87;301,57;303,42;282,66;291,82;291,95;288,73;346,23;293,22;366,91;323,51;305,69;304,26;277,61;319,07;328,68;333,19;331,88;329,56;331,01;319,78;222,7;237,25
18;SUL;324,06;432,66;423,36;437,43;433,28;428;441,58;420,3;308,87;301,57;303,42;282,66;291,82;291,95;288,74;346,23;293,22;366,91;323,51;305,7;304,27;277,62;319,08;328,68;333,19;331,89;329,56;331,02;319,79;222,7;237,25
18;NORDESTE;70,1;432,65;229,7;94,62;103,73;93,55;171,24;370,59;308,87;301,57;303,42;282,65;291,81;291,95;288,73;346,22;293,22;366,9;272,45;221,9;223,79;256,33;319,07;328,67;333,18;331,88;329,56;331,01;319,78;222,7;237,25
18;NORTE;70,09;432,64;229,69;94,62;103,73;93,54;171,23;370,58;308,86;301,56;303,41;282,65;291,81;291,94;288,72;346,22;293,21;366,89;272,44;221,89;223,78;256,32;319,06;328,67;333,18;331,87;329,55;331;319,77;222,7;237,25
19;SUDESTE;322,33;418,82;413,63;437,32;432,67;427,24;429,64;420,61;277,78;277,17;291,73;275,96;285,39;284,35;278,49;283,68;234,05;288,15;276,18;257,4;260,79;217,31;306,02;314,39;326,41;323,53;321,43;320,77;312,65;222,7;232,17
19;SUL;322,34;418,83;413,63;437,32;432,67;427,25;429,65;420,62;277,78;277,17;291,73;275,96;285,4;284,35;278,5;283,69;234,05;288,16;276,19;257,41;260,8;217,32;306,03;314,4;326,41;323,54;321,43;320,77;312,65;222,7;232,17
19;NORDESTE;61,77;104,59;106,83;86,31;82,99;87,88;101,88;258,52;277,77;277,17;291,72;275,95;285,39;284,34;278,49;283,68;234,04;288,14;208,29;204,17;200,45;201,38;288,8;314,39;323,47;323,53;321,34;320,51;312,2;222,7;232,16
19;NORTE;61,78;104,58;106,82;86,32;83;87,88;101,88;258,51;277,77;277,16;291,72;275,95;285,38;284,34;278,49;283,68;234,04;288,13;208,28;204,17;200,45;201,37;288,79;314,38;323,47;323,52;321,34;320,51;312,2;222,7;232,17
20;SUDESTE;312,19;408;401,85;429,38;417,07;425,37;428,14;409,53;274,52;270,51;281,47;275,45;275,98;275,63;273,82;221,43;210;254,32;253,28;226,73;219,43;212,88;302,24;308,52;321,93;316,33;315,81;314,52;308,19;222,7;229,29
20;SUL;312,2;408;401,86;429,39;417,08;425,37;428,15;409,54;274,52;270,51;281,47;275,46;275,98;275,63;273,83;221,44;210,01;254,33;253,28;226,74;219,44;212,89;302,25;308,53;321,94;316,34;315,81;314,52;308,19;222,7;229,29
20;NORDESTE;62,43;88,26;86,92;78,38;78,53;83,74;85,63;228,86;272,45;270,5;281,47;271,7;273,39;275,62;273,55;221,43;209,99;229,89;202,32;197,17;194,7;197,21;176,93;308,32;313,39;315,15;311,57;310,86;308,18;222,7;229,28
20;NORTE;62,44;88,25;86,92;78,39;78,54;83,74;85,63;228,86;272,45;270,5;281,46;271,7;273,39;275,62;273,54;221,43;209,99;229,89;202,32;197,17;194,7;197,21;176,93;308,32;313,39;315,15;311,57;310,86;308,18;222,7;229,29
21;SUDESTE;305,33;394,67;395,78;425,28;410,11;412,8;420,14;402,07;270,44;267,76;274,08;272,06;274,95;271,81;272,51;208,17;206,56;222,68;218,45;213,75;214,33;210,59;297,54;307,41;316,06;313,04;312,82;311,06;307,04;222,7;227,24
21;SUL;305,33;394,67;395,78;425,28;410,11;412,81;420,15;402,08;270,44;267,77;274,08;272,07;274,96;271,81;272,52;208,17;206,57;222,68;218,45;213,76;214,34;210,6;297,55;307,42;316,07;313,05;312,82;311,07;307,04;222,7;227,24
21;NORDESTE;57,31;84,88;80,81;71,71;77,65;82,55;87,43;219,74;264,42;267,75;274,07;266,68;269,16;263,34;266,21;208,16;203,14;222,67;201,2;197,53;192,28;196,43;172,77;303,38;307,37;310,98;310,22;309,48;302,88;222,7;227,23
21;NORTE;57,31;84,88;80,81;71,72;77,66;82,56;87,42;219,74;264,42;267,75;274,07;266,68;269,16;263,34;266,21;208,16;203,14;222,67;201,2;197,53;192,28;196,44;172,77;303,38;307,37;310,98;310,22;309,48;302,89;222,7;227,23
22;SUDESTE;299,15;387,26;388,9;410,5;398,04;399,98;406,48;394,04;268,92;265,4;269,8;267,43;270,57;269,62;268,9;206,65;203,68;212,58;210,34;208,52;210,21;204,88;248,65;304,5;310,45;310,01;309,66;308,42;302,63;222,7;225,96
22;SUL;299,15;387,27;388,91;410,51;398,05;399,99;406,49;394,05;268,93;265,41;269,81;267,44;270,58;269,63;268,91;206,65;203,69;212,59;210,35;208,53;210,22;204,89;248,66;304,51;310,46;310,01;309,67;308,42;302,63;222,7;225,96
22;NORDESTE;57,31;84,35;80,46;72,17;77,82;79,99;87,93;233,94;264,43;265,39;269,8;264,21;268,35;262,22;266,83;206,64;198,62;211,91;201,21;197,99;192,29;197,02;172,78;303,65;306,33;310;309,51;308,41;302,42;222,7;225,95
22;NORTE;57,31;84,34;80,46;72,18;77,82;80;87,92;233,93;264,43;265,39;269,79;264,21;268,35;262,22;266,82;206,64;198,62;211,91;201,21;197,99;192,29;197,02;172,78;303,65;306,33;310;309,51;308,41;302,43;222,7;225,96
23;SUDESTE;296,89;381,75;383,23;395,51;386,24;389,12;393,26;386,56;264,99;263,46;266,36;264,18;264,31;263,78;264,66;202,17;197,87;207,51;205,02;203,59;202,92;201,22;117,08;302,51;304,94;304,44;304,9;303,2;298,95;222,7;224,14
23;SUL;296,9;381,76;383,24;395,52;386,25;389,13;393,27;386,57;265;263,47;266,37;264,19;264,32;263,79;264,67;202,18;197,88;207,52;205,03;203,6;202,93;201,23;117,09;302,52;304,95;304,45;304,91;303,21;298,96;222,7;224,14
23;NORDESTE;57,31;84,79;81,08;71,59;76,92;77,81;85,07;231,03;264,21;263,45;266,36;263,64;260,65;261,92;264,65;202,17;197,87;207,33;199,08;196,5;191,86;196,31;117,08;302,5;304,93;304,43;304,89;303,19;298,94;222,7;224,13
23;NORTE;57,31;84,78;81,08;71,6;76,92;77,82;85,06;231,03;264,21;263,45;266,36;263,64;260,65;261,92;264,65;202,16;197,86;207,33;199,08;196,5;191,86;196,32;117,07;302,51;304,93;304,43;304,89;303,2;298,95;222,7;224,14
